Gls,Ast,player
0,0,Aaron Cresswell
0,0,Aaron Hickey
0,0,Aaron Malouda
0,0,Aaron Ramsdale
0,0,Aaron Ramsey
1,0,Aaron Seydel
0,2,Aaron Wan-Bissaka
0,0,AarÃ³n Escandell
0,1,AarÃ³n MartÃ­n
2,0,Abakar Sylla
1,0,Abde Ezzalzouli
1,0,Abde Rebbach
0,0,Abdel Abqar
0,0,Abdellah Baallal
0,0,Abdellah Raihani
3,3,Abdou Harroui
2,1,Abdoul Kader Bamba
0,0,Abdoul KonÃ©
7,1,Abdoulaye DoucourÃ©
2,0,Abdoulaye TourÃ©
0,0,Abdukodir Khusanov
1,0,Abdul Mumin
6,1,AbdÃ³n Prats
3,2,Ablie Jallow
0,1,Abner
0,0,Abou LÃ´
0,1,Aboubacar Ali
0,0,Achraf Dari
4,5,Achraf Hakimi
2,3,Adam HloÅ¾ek
0,1,Adam Lallana
1,0,Adam MaruÅ¡iÄ
0,0,Adam Masina
0,0,Adam Obert
1,0,Adam Ounas
0,2,Adam Smith
0,0,Adam Webster
0,3,Adam Wharton
0,0,Adama Bojang
2,3,Adama TraorÃ©
0,0,Adel Mahamoud
11,7,Ademola Lookman
0,0,Adnan Januzaj
0,0,Adri Bosch
3,2,Adri Embarba
1,1,Adrian Beck
0,0,Adrian GrbiÄ
0,1,Adrien Lebeau
5,3,Adrien Rabiot
0,2,Adrien Tameze
1,2,Adrien Thomasson
1,2,Adrien Truffert
0,0,AdriÃ  Altimira
1,4,AdriÃ  Pedrosa
0,0,Adryelson
0,0,Adson
0,0,Adu Ares
1,0,AgustÃ­n Martegani
0,0,Ahmed Touba
0,0,Aiham Ousou
0,2,Aihen MuÃ±oz
2,1,Aimar Oroz
0,0,Aingeru Olabarrieta
1,4,Ainsley Maitland-Niles
0,0,Aitor FernÃ¡ndez
1,0,Aitor Paredes
2,1,Aitor Ruibal
8,1,Akor Adams
0,0,Alaa Bellaarouch
0,0,Alan Matturro
0,2,Alan Virginius
7,4,Alassane PlÃ©a
0,0,Alban Lafont
14,4,Albert GuÃ°mundsson
1,3,Albert Sambi Lokonga
1,0,Alberto Cerri
0,0,Alberto Dadie
2,4,Alberto Dossena
0,1,Alberto Grassi
1,1,Alberto MarÃ­
3,3,Alberto Moleiro
2,2,Alberto Moreno
0,0,Alberto Perea
0,0,Alberto Risco
0,0,Alberto Soro
3,6,Aleix GarcÃ­a
0,1,Alejandro Balde
7,4,Alejandro Garnacho
0,0,Alejandro Pozo Pozo
1,0,Alejo VÃ©liz
0,0,Aleksandar MitroviÄ
2,2,Aleksandar Pavlovic
0,0,Aleksandar RadovanoviÄ
1,0,Aleksandar Sedlar
6,6,Aleksandr Golovin
3,5,Aleksei Miranchuk
1,3,Alessandro Bastoni
3,0,Alessandro Buongiorno
1,0,Alessandro Deiola
0,0,Alessandro Dellavalle
0,0,Alessandro Di Pardo
1,4,Alessandro Florenzi
0,0,Alessandro Sorrentino
0,1,Alessandro Vogliacco
0,2,Alessandro Zanoli
0,0,Alessio Cragno
0,0,Alessio Romagnoli
0,1,Alessio Zerbin
2,14,Alex Baena
5,2,Alex Iwobi
0,0,Alex KrÃ¡l
0,0,Alex Matos
0,0,Alex Meret
0,0,Alex Murphy
1,0,Alex Sandro
1,1,Alex Scott
0,3,Alex Sola
0,0,Alexander Brunst
21,2,Alexander Isak
0,0,Alexander Meyer
0,0,Alexander NÃ¼bel
0,0,Alexander Schwolow
23,6,Alexander SÃ¸rloth
19,2,Alexandre Lacazette
0,0,Alexandre Oukidja
0,2,Alexis Blin
0,0,Alexis Claude-Maurice
5,5,Alexis Mac Allister
4,2,Alexis Saelemaekers
2,5,Alexis SÃ¡nchez
0,0,Alexsandro Ribeiro
2,8,Alfie Doughty
1,0,Alfie Gilchrist
0,1,Alfonso Espino
1,3,Alfonso Pedraza
2,5,Alfred Duncan
0,1,Alidu Seidu
0,0,Aliou Badara BaldÃ©
0,0,Alisson
0,0,Aljoscha Kemlein
0,0,Alois Confais
0,0,Alphadjo CissÃ¨
0,0,Alphonse Areola
2,5,Alphonso Davies
1,1,Amad Diallo
0,0,Amadou Diallo
2,1,Amadou Haidara
0,0,Amadou KonÃ©
2,0,Amadou Onana
0,0,Amari'i Bell
0,0,Amath
1,0,Ameen Al-Dakhil
0,0,Amin Sarr
4,6,Amine Adli
7,3,Amine Gouiri
1,2,Amine Harit
0,0,Amine Salama
3,1,Amir Richardson
3,0,Amir Rrahmani
0,0,Amos Pieper
0,0,Anass Zaroury
7,1,Anastasios Douvikas
4,1,Ander Barrenetxea
1,0,Ander Guevara
0,3,Ander Herrera
1,0,Andoni Gorosabel
0,0,Andre Brooks
0,2,Andre-Frank Zambo Anguissa
6,2,Andrea Belotti
2,3,Andrea Cambiaso
1,0,Andrea Carboni
8,4,Andrea Colpani
0,0,Andrea Consigli
0,0,Andrea Ferraris
1,1,Andrea Petagna
11,1,Andrea Pinamonti
0,0,Andrea Sodero
2,2,Andreas Christensen
1,0,Andreas Hanche-Olsen
0,0,Andreas Luthe
0,0,Andreas MÃ¼ller
3,7,Andreas Pereira
0,0,Andrei Ratiu
0,0,Andrej Ilic
15,6,Andrej KramariÄ
0,0,Andres Sfait
0,0,Andrew Omobamidele
3,2,Andrew Robertson
1,0,Andrey Santos
0,0,Andriy Lunin
1,3,Andros Townsend
1,2,AndrÃ¡s SchÃ¤fer
5,0,AndrÃ© Ayew
0,0,AndrÃ© Ferreira
1,0,AndrÃ© Gomes
0,0,AndrÃ© Onana
3,0,AndrÃ© Silva
0,0,AndrÃ©s Guardado
1,0,Andy Diouf
0,0,Andy Pelmard
2,0,Anel AhmedhodÅ¾iÄ
0,8,Angel Gomes
0,1,AngeliÃ±o
1,2,Angelo Fulgini
0,0,Angelo Ogbonna
1,5,Angelo Stiller
0,0,Anis Ben Slimane
7,2,Ansgar Knauff
2,0,Ansu Fati
0,0,Antal Yaakobishvili
17,2,Ante Budimir
2,3,Anthony Caci
5,9,Anthony Elanga
11,10,Anthony Gordon
1,0,Anthony Jung
0,0,Anthony Lopes
1,2,Anthony Losilla
3,0,Anthony Lozano
1,0,Anthony Martial
0,1,Anthony Oyono
0,2,Anthony Rouault
16,6,Antoine Griezmann
0,2,Antoine Joujou
1,0,Antoine Makoumbou
0,0,Antoine Mendy
8,2,Antoine Semenyo
2,3,Anton Stach
0,6,Antonee Robinson
0,0,Antonin Cartillier
0,3,Antonino Gallo
0,1,Antonio Blanco
6,6,Antonio Candreva
0,0,Antonio Mirante
0,2,Antonio Puertas
3,2,Antonio Raillo
1,0,Antonio RÃ¼diger
5,0,Antonio Sanabria
0,0,Antonio Sivera
3,1,Antonio SÃ¡nchez
0,0,Antonio TikviÄ
0,0,Antonios Papadopoulos
1,1,Antony
2,3,AntonÃ­n BarÃ¡k
0,0,Antwoine Hackford
0,1,Anwar El Ghazi
6,0,Arda GÃ¼ler
0,0,Ardian Ismajli
0,0,Aridane HernÃ¡ndez
0,0,Arijanet Muric
1,1,Arijon IbrahimoviÄ
0,1,Aritz Elustondo
4,1,Arkadiusz Milik
5,4,Armand Lauriente
1,1,Armando Broja
0,0,Armando Izzo
0,2,Arnau Martinez
0,0,Arnau Puigmal
0,1,Arnau Tenas
10,1,Arnaud Kalimuendo
5,3,Arnaud Nordin
1,0,Arnaut Danjuma
3,2,Arne Engels
2,4,Arne Maier
0,1,Aron DÃ¸nnum
0,0,Arouna Sangante
1,2,Arsen Zakharyan
24,8,Artem Dovbyk
0,2,Arthur
1,2,Arthur Atta
0,0,Arthur Desmas
2,3,Arthur Melo
2,0,Arthur Theate
0,0,Arthur Vermeeren
0,0,Asaf Arania
0,0,Ashley Young
0,0,Asier Osambela
2,1,Asier Villalibre
2,0,Assane Diao
0,0,Aster Vranckx
0,4,Atakan Karazor
0,0,Attila Szalai
0,0,Augusto Batalla
0,0,AurÃ©lien Pelon
3,1,AurÃ©lien TchouamÃ©ni
1,1,AurÃ©lio Buta
0,0,Auston Trusty
0,0,Axel Camblan
2,0,Axel Disasi
0,0,Axel Gueguin
0,0,Axel Guessand
2,0,Axel Witsel
0,0,Ayanda Sishuba
1,1,Ayman Kari
1,0,Aymen Barkok
0,0,Aymeric Laporte
9,1,Ayoze PÃ©rez
0,0,Ayyoub Bouaddi
1,1,Azor Matusiwa
2,0,Azzedine Ounahi
0,0,AÃ¯man Maurer
0,3,AÃ¯ssa LaÃ¯douni
1,0,AÃ¯ssa Mandi
1,0,Badredine Bouanani
5,2,BafodÃ© DiakitÃ©
4,1,Bamba Dieng
0,0,BambasÃ© ContÃ©
0,0,Bamo MeÃ¯tÃ©
0,1,Baptiste Santamaria
0,0,Bart Verbruggen
0,1,Bartol FranjiÄ
0,1,Bartosz BereszyÅski
0,0,Bassirou Ndiaye
0,0,Bastien Meupiyou
2,0,BebÃ©
0,0,Becir Omeragic
6,1,Ben Brereton
0,1,Ben Chilwell
1,0,Ben Davies
0,0,Ben Gannon-Doak
0,0,Ben Godfrey
0,0,Ben Johnson
2,0,Ben Mee
0,2,Ben Osborn
0,0,Ben Parkinson
4,4,Ben White
5,0,Benedict Hollerbach
1,1,Benedikt Gimber
0,0,Benicio Boaitey
1,1,Benito RamÃ­rez
4,0,Benjamin AndrÃ©
9,6,Benjamin Bourigeaud
1,5,Benjamin Henrichs
0,1,Benjamin Lecomte
2,1,Benjamin Mendy
0,2,Benjamin Pavard
0,1,Benjamin Stambouli
0,0,Benjamin Tetteh
14,2,Benjamin Å eÅ¡ko
0,0,Bennit BrÃ¶ger
0,1,Benno Schmitz
0,1,BenoÃ®t Badiashile
0,0,BenoÃ®t Costil
0,0,Benson Manuel
0,1,Berat Djimsiti
0,0,Berkan Kutlu
1,0,Bernardo
0,0,Bernardo Espinosa
6,9,Bernardo Silva
0,0,Bernd Leno
1,0,Bertrand TraorÃ©
0,1,BertuÄ YÄ±ldÄ±rÄ±m
3,0,Beto
0,0,BeÃ±at Prados
0,1,BeÃ±at Turrientes
1,1,Bilal Boutobba
0,0,Bilal Brahimi
0,0,Bilal Nadir
0,1,Billy Gilmour
0,0,Birger Meling
0,0,Bobby Clark
6,2,Bobby De Cordova-Reid
0,0,Bonke Innocent
0,0,Boris RadunoviÄ
0,1,Borja Iglesias
15,1,Borja Mayoral
0,0,Borja VÃ¡zquez
0,0,Borna Sosa
0,1,Boubacar Kamara
0,0,Boubacar TraorÃ©
0,2,Boubakar KouyatÃ©
0,1,Boubakary SoumarÃ©
4,0,Boulaye Dia
0,0,Bouna Sarr
4,7,Bradley Barcola
0,3,Bradley Locko
8,6,Brahim DÃ­az
5,6,Brais MÃ©ndez
4,3,Brajan Gruda
0,0,Brandon Aguilera
0,0,Brandon Soppy
0,0,Brau
0,0,Braydon Manu
1,0,Breel Embolo
1,1,Brendan Chardonnet
2,2,Brenden Aaronson
5,10,Brennan Johnson
0,0,Brenner
1,0,Brian Ocampo
0,0,Brice Samba
0,0,Bruno Amione
10,8,Bruno Fernandes
7,8,Bruno GuimarÃ£es
1,0,Bruno Langa
2,0,Bruno MÃ©ndez
3,4,Bryan Cristante
0,0,Bryan Gil
9,6,Bryan Mbeumo
6,2,Bryan Zaragoza
16,9,Bukayo Saka
0,1,BÃ©nie TraorÃ©
0,5,Caio Henrique Oliveira Silva
4,1,Caleb Ekuban
0,1,Caleb Okoli
8,1,Callum Hudson-Odoi
9,1,Callum Wilson
0,1,Calum Chambers
1,0,Calvin Bassey
4,1,Cameron Archer
0,0,CaoimhÃ­n Kelleher
1,0,Carl Starfelt
1,1,Carles AleÃ±Ã¡
1,1,Carles PÃ©rez
0,0,Carlo Pinsoglio
0,1,Carlos Alcaraz
0,3,Carlos Augusto
0,0,Carlos Baleba
3,1,Carlos BenavÃ­dez
0,0,Carlos Dominguez
0,0,Carlos Dotor
2,1,Carlos FernÃ¡ndez
0,2,Carlos Neva
0,0,Carlos Romero
2,2,Carlos Soler
2,4,Carlos Vicente
2,0,Carlos VinÃ­cius
11,4,Carlton Morris
1,1,Carmona
1,1,Carney Chukwuemeka
1,2,Casemiro
1,0,Castello Lukeba
1,3,Catena
1,1,Cauley Woodrow
0,0,Cedric Zesiger
0,0,Cenk Ãzkacar
0,0,Cesare Casadei
0,0,Chadi Riad
0,0,Chaim El Djebali
1,0,Chaka TraorÃ¨
2,2,Chancel Mbemba
2,1,Charalampos Lykogiannis
10,8,Charles De Ketelaere
1,1,Charlie Taylor
0,0,Charlys
0,0,Cheick DoucourÃ©
1,1,Cheick KonatÃ©
3,1,Cheikh Tidiane Sabaly
0,0,Cheikhou KouyatÃ©
0,0,Cher Ndour
4,1,Chiedozie Ogbene
0,0,Chris Basham
1,0,Chris Bedia
8,7,Chris FÃ¼hrich
0,1,Chris Mepham
5,1,Chris Ramos
1,1,Chris Richards
0,0,Chris Smalling
14,1,Chris Wood
1,1,Chrislain Matsima
0,0,Christ Mbondi
1,2,Christian Eriksen
0,1,Christian GroÃ
1,2,Christian GÃ¼nter
1,1,Christian Kabasele
2,1,Christian KouamÃ©
0,1,Christian KÃ¼hlwetter
2,0,Christian Mawissa
2,1,Christian NÃ¸rgaard
12,8,Christian Pulisic
5,1,Christoph Baumgartner
2,2,Christoph Klarer
0,0,Christoph Kramer
0,0,Christoph Zimmermann
0,0,Christophe HÃ©relle
2,2,Christopher Antwi-Adjei
1,0,Christopher Jullien
0,0,Christopher Lenz
3,0,Christopher Nkunku
3,4,Christopher Operi
0,2,Christopher Trimmel
1,0,Christopher Wooh
0,0,Christos Mandas
0,0,Christos Papadopoulos
1,1,Chukwubuikem Ikwuemesi
0,1,Chumi
7,1,Ciro Immobile
0,0,Claudio Bravo
0,0,Clemens Riedel
0,3,Clinton Mata
0,1,ClÃ©ment Lenglet
8,5,Cody Gakpo
22,11,Cole Palmer
0,1,Connor Roberts
1,3,Conor Bradley
5,7,Conor Gallagher
1,1,Copete
2,1,Corentin Tolisso
1,1,Craig Dawson
0,0,Crespo
0,0,Cristhian Mosquera
9,3,Cristhian Stuani
0,0,Cristian
1,3,Cristian CÃ¡sseres Jr.
0,1,Cristian Gamboa
1,0,Cristian Herrera
5,0,Cristian Romero
1,0,Cristian Volpato
2,5,Cristiano Biraghi
1,1,Curtis Jones
3,2,Cyle Larin
7,2,Cyril Ngonge
0,0,CÃ©dric Bakambu
0,0,CÃ©dric Soares
0,2,CÃ©sar Azpilicueta
0,0,CÃ©sar Montes
0,0,CÃ©sar TÃ¡rrega
2,2,Daichi Kamada
0,0,Daiki Hashioka
2,2,Daler Kuzyaev
1,2,Daley Blind
0,0,Daley Sinkgraven
2,0,Damion Downs
0,2,DamiÃ¡n RodrÃ­guez
0,2,DamiÃ¡n SuÃ¡rez
2,2,Dan Burn
1,1,Dan Ndoye
1,0,Dan-Axel Zagadou
0,0,Dane Scarlett
1,2,Dango Ouattara
4,3,Dani Carvajal
0,2,Dani Ceballos
0,0,Dani CÃ¡rdenas
1,0,Dani GarcÃ­a
4,5,Dani Olmo
2,4,Dani RodrÃ­guez
0,0,Daniel Bandeira
0,0,Daniel Batz
0,0,Daniel Bentley
1,0,Daniel Boloca
0,0,Daniel Fuzato
0,0,Daniel Gore
0,0,Daniel Jebbison
4,1,Daniel Maldini
0,4,Daniel MuÃ±oz
3,5,Daniel Parejo
0,0,Daniel Peretz
0,0,Daniel Vivian
2,0,Daniele Rugani
0,0,Daniele Sommariva
2,0,Danilho Doekhi
3,3,Danilo
1,0,Danilo Cataldi
0,0,Danilo D'Ambrosio
0,0,Danilo Pereira
0,0,Danilo Soares
0,0,Danley Jean-Jacques
1,0,Danny Ings
5,1,Danny Welbeck
0,1,Danny da Costa
1,1,Dante
4,3,Dany Mota
0,0,Daouda TraorÃ©
3,4,Dara O'Shea
0,0,Darko BraÅ¡anac
3,2,Darko LazoviÄ
1,1,Darlin Yongwa
4,0,Darwin MachÃ­s
11,8,Darwin NÃºÃ±ez
0,0,David Akpan Ankeye
0,1,David Alaba
1,1,David Brooks
4,2,David Costa
5,1,David Datro Fofana
0,1,David GarcÃ­a
0,0,David Gil
0,1,David JurÃ¡sek
3,0,David LÃ³pez
0,0,David Mamutovic
0,0,David Okereke
0,0,David Ozoh
2,8,David Raum
0,0,David Raya
0,0,David Soria
0,0,David Zima
0,0,Davide Bartesaghi
0,0,Davide Bettella
1,0,Davide Biraschi
1,3,Davide Calabria
0,2,Davide Faraoni
6,3,Davide Frattesi
2,1,Davide Zappacosta
6,0,Davie Selke
0,0,Davinson SÃ¡nchez
0,0,Davy Klaassen
0,0,Dawid Kownacki
1,0,Dayot Upamecano
0,0,Dean Henderson
2,0,Dean Huijsen
7,8,Declan Rice
4,0,Deiver Machado
0,0,Deivid Washington
8,3,Dejan Kulusevski
0,2,Dejan Ljubicic
0,0,Dejan Lovren
0,0,Demba Seck
0,0,Dembo Sylla
0,0,Denis Genreau
0,3,Denis Huseinbasic
0,0,Denis PetriÄ
0,0,Denis SuÃ¡rez
0,0,Denis Thomalla
4,0,Denis Zakaria
18,10,Deniz Undav
0,0,Dennis Geiger
4,4,Denzel Dumfries
2,3,Destiny Udogie
0,0,Diadie SamassÃ©kou
1,0,Didier Lamkel ZÃ©
0,0,Diego Carlos
2,0,Diego Coppola
0,0,Diego Demme
0,0,Diego Iturralde
1,1,Diego Llorente
3,6,Diego LÃ³pez
0,0,Diego MariÃ±o
0,0,Diego Moreira
0,0,Diego MÃ©ndez
0,7,Diego Rico
3,6,Dilane Bakwa
0,0,Dimitri Foulquier
0,0,Dimitry Bertaud
2,3,Diogo Dalot
10,3,Diogo Jota
0,0,Diogo Leite
2,0,Dion Drena Beljo
0,0,Dion Lopy
0,0,Divin Mubama
0,1,Divock Origi
0,0,Djaoui CissÃ©
0,0,Djed Spence
0,0,DjenÃ©
1,1,Djibril Sow
5,1,Dodi Lukebakio
0,0,DodÃ´
0,3,Domagoj BradariÄ
9,3,Domenico Berardi
2,1,Domingos AndrÃ© Ribeiro Almeida
0,0,Domingos Duarte
0,0,Domingos Quina
7,2,Dominic Calvert-Lewin
0,0,Dominic Sadi
19,3,Dominic Solanke
0,0,Dominik Greif
1,0,Dominik Kohr
3,2,Dominik Szoboszlai
0,0,Dominique Heintz
0,0,Donny van de Beek
13,1,Donyell Malen
0,0,Douglas
9,5,Douglas Luiz
0,0,Duje Äaleta-Car
13,4,DuvÃ¡n Zapata
16,4,DuÅ¡an VlahoviÄ
3,6,Dwight McNeil
0,0,Dylan Bronn
4,4,DÃ©sirÃ© DouÃ©
0,0,DÅ¾enan PejÄinoviÄ
0,0,Ebenezer Akinsanmiro
11,4,Eberechi Eze
0,0,Edan Diop
5,2,Eddie Nketiah
0,0,Ederson
0,2,Edimilson Fernandes
0,1,Edmond Tapsoba
0,2,Edoardo Bove
0,0,Edoardo Goldaniga
6,6,Edon Zhegrova
1,1,Edson Ãlvarez
0,0,Eduard Sobol
0,2,Eduardo Camavinga
2,0,El Bilal TourÃ©
0,0,El Chadaille Bitshiabu
0,0,Elayis Tavsan
2,0,Elba Rashani
3,3,Eldor Shomurodov
5,3,Eli Junior Kroupi
0,0,Elia Caprile
0,0,Elias Baum
2,1,Eliesse Ben Seghir
2,0,Elif Elmas
10,0,Elijah Adebayo
0,1,Eliot Matazo
0,2,Elliot Anderson
2,2,Ellyes Skhiri
0,0,Elseid Hysaj
2,0,Elvis RexhbeÃ§aj
9,3,Elye Wahi
0,0,ElysÃ©e Logbo
8,1,Emanuel Emegha
0,1,Emanuel Vignato
0,1,Emanuele Valeri
1,0,Emerson
1,2,Emerson Palmieri
0,0,Emil Audero
0,0,Emil Bohinen
0,0,Emil Ceide
2,1,Emil Forsberg
1,1,Emil Holm
0,0,Emil Krafth
0,1,Emile Smith Rowe
0,0,Emiliano MartÃ­nez
0,0,Emir Karic
1,1,Emmanuel Agbadou
0,0,Emmanuel Ekong
1,2,Emmanuel Gyasi
5,1,Emmanuel Sabbi
1,1,Emran Soglo
2,2,Emre Can
0,0,Eneko Ortiz
2,3,Enes Ãnal
0,0,Enso Gonzalez
0,1,Enzo Barrenechea
0,0,Enzo Ebosse
3,2,Enzo FernÃ¡ndez
0,1,Enzo Le FÃ©e
0,1,Enzo Loiodice
5,4,Enzo Millot
0,0,Enzo Mongo
0,0,Enzo Tchato
2,0,Eray CÃ¶mert
10,5,Eren DinkÃ§i
0,0,Erhan MaÅ¡oviÄ
0,0,Eric Bailly
0,0,Eric Curbelo
0,0,Eric Dier
5,0,Eric GarcÃ­a
1,1,Eric Martel
2,2,Eric Maxim Choupo-Moting
0,0,Erik Botheim
27,5,Erling Haaland
15,9,Ermedin DemiroviÄ
3,2,Ernest Nuamah
0,0,Ethan MbappÃ©
0,0,Ethan Nwaneri
2,0,Ethan Pinnock
0,0,Ethan Wheatley
0,0,Etienne Youte Kinkoue
0,0,Etrit Berisha
6,0,Evan Ferguson
6,0,Evann Guessand
4,4,Exequiel Palacios
2,3,Ezequiel Ãvila
1,0,Ezri Konsa
0,0,Fabian Bredlow
0,2,Fabian Holland
1,1,Fabian NÃ¼rnberger
1,0,Fabian Rieder
0,0,Fabian RÃ¼dlin
0,0,Fabian Schnellhardt
4,1,Fabian SchÃ¤r
0,1,Fabiano Parisi
0,1,Fabien Centonze
0,0,Fabio Carvalho
0,0,Fabio Chiarodia
0,0,Fabio GonzÃ¡lez
1,1,Fabio Miretti
0,0,Fabio Torsiello
1,2,Fabio Vieira
1,3,FabiÃ¡n Ruiz PeÃ±a
0,0,Fabrizio Angileri
3,1,Facundo Buonanotte
1,3,Facundo Medina
2,2,Facundo Pellistri
0,1,Faitout Maouassa
0,1,Falaye Sacko
0,0,Fali
0,1,Fali CandÃ©
0,1,Famara Diedhiou
2,5,Fares ChaÃ¯bi
4,0,Faride Alidou
3,1,Faris Pemi Moumbagna
0,0,FarÃ©s Ghedjemis
1,0,Fede San Emeterio
0,1,Federico Baschirotto
3,1,Federico Bonazzoli
9,2,Federico Chiesa
1,0,Federico Di Francesco
5,6,Federico Dimarco
1,0,Federico Fazio
4,0,Federico Gatti
0,0,Federico Gattoni
0,0,Federico Ravaglia
2,7,Federico Valverde
0,0,Felipe
5,6,Felipe Anderson
0,0,Felix Agu
1,2,Felix Nmecha
2,2,Felix Passlack
0,0,Ferland Mendy
8,0,Fermin LÃ³pez
0,0,Fernando
7,2,FerrÃ¡n Torres
0,0,Festy Ebosele
4,0,Fikayo Tomori
0,0,Filip JagieÅÅo
0,0,Filip JÃ¸rgensen
0,4,Filip KostiÄ
0,0,Filip StojilkoviÄ
0,0,Filippo Missori
0,0,Filippo Ranocchia
0,1,Filippo Terracciano
0,0,Finley Munroe
0,0,Finn Dahmen
0,0,Finn Ole Becker
0,0,Flavius Daniliuc
4,4,Florent Mollet
0,0,Florent Muslija
1,1,Florent Ogier
0,0,Florian Dietz
1,6,Florian Grillitsch
5,4,Florian Kainz
3,1,Florian Lejeune
4,2,Florian Neuhaus
0,1,Florian Pick
7,6,Florian Sotoca
5,3,Florian Thauvin
11,11,Florian Wirtz
0,0,FodÃ© Ballo-TourÃ©
7,5,Folarin Balogun
0,0,Formose Mendy
0,0,Fran BeltrÃ¡n
1,5,Fran Garcia
0,0,Fran Vieites
3,1,Francesco Acerbi
0,0,Francesco Camarda
3,0,Francesco Caputo
0,0,Francesco Gelli
0,0,Francesco Rossi
0,0,Francis Coquelin
1,4,Francisco Perez
3,9,Franck Honorat
0,1,Franco Cervi
5,2,Frank Magri
1,2,Frank Onyeka
0,0,Frank Ronstadt
0,0,Frans KrÃ¤tzig
0,0,FranÃ§ois Mughe
0,0,Fraser Hornby
0,0,Fred Onyedinma
2,0,Frederic Guilbert
0,0,Frederik RÃ¸nnow
2,4,Fredrik Jensen
2,0,Frenkie de Jong
0,0,FÃ¡bio Silva
1,0,Gabriel Gudmundsson
4,5,Gabriel Jesus
4,0,Gabriel MagalhÃ£es
6,4,Gabriel Martinelli
2,0,Gabriel Osho
0,0,Gabriel Paulista
1,0,Gabriel Strefezza
0,4,Gabriel Suazo
0,0,Gabriel Veiga
1,3,Gabriele Zappa
1,2,Gaetano Castrovilli
2,1,Gaetano Oristanio
2,0,GastÃ³n Ãlvarez
2,0,Gautier Lloris
1,1,Gavi
5,2,GaÃ«tan Laborde
0,1,Gedeon Kalulu
1,2,Gelabert
0,0,Genki Haraguchi
0,0,Gennaro Borrelli
0,0,Geoffrey Kondogbia
0,1,George Baldock
1,0,George Earthy
0,0,George PuÈcaÈ
13,4,Georges Mikautadze
0,3,Gerard Gumbau
10,6,Gerard Moreno
0,0,Gerardo Fusco
1,0,GermÃ¡n Pezzella
0,0,Gerrit Holtmann
0,0,Gerzino Nyamsi
8,3,Giacomo Bonaventura
0,0,Giacomo Corona
5,3,Giacomo Raspadori
1,0,Gian Marco Ferrari
0,0,Giangiacomo Magnani
0,0,Gianluca Caprari
5,1,Gianluca Gaetano
3,1,Gianluca Lapadula
4,1,Gianluca Mancini
12,6,Gianluca Scamacca
0,0,Gianluigi Donnarumma
1,0,Gift Orban
0,0,Gino Caoki
0,0,Gino Infantino
0,1,Gio Reyna
0,0,Giorgi Kvernadze
0,0,Giorgi Mamardashvili
0,0,Giorgio Cittadini
1,3,Giorgio Scalvini
0,3,Giorgos Kyriakopoulos
2,2,Giovani Lo Celso
0,0,Giovanni Bonfanti
1,6,Giovanni Di Lorenzo
5,2,Giovanni Fabbian
1,1,Giovanni GonzÃ¡lez
1,0,Giovanni Simeone
1,2,Giuliano Simeone
0,0,Giulio Donati
4,2,Giulio Maggiore
0,0,Giuseppe Caso
0,0,Giuseppe Pezzella
3,0,Gleison Bremer
1,2,Gonzalo Escalante
0,0,Gonzalo GarcÃ­a
1,1,Gonzalo Melero
0,2,Gonzalo Montiel
1,3,Gonzalo Villar
3,2,GonÃ§alo Guedes
3,1,GonÃ§alo PaciÃªncia
11,1,GonÃ§alo Ramos
14,5,Gorka Guruzeta
0,0,Gorka Rivera Alonso
3,0,Granit Xhaka
0,0,Grant Ranos
0,0,Gregor Kobel
2,1,Grejohn Kyei
3,3,Grigoris Kastanos
4,5,Grischa PrÃ¶mel
0,0,GrÃ©goire Coudert
1,2,GrÃ©goire Defrel
0,2,Guela DouÃ©
0,0,Guglielmo Vicario
2,0,Guido RodrÃ­guez
0,0,Guillaume Dietsch
0,0,Guillaume Restes
1,0,Guillermo MaripÃ¡n
0,0,Guillermo Ochoa
3,1,Gustav Isaksen
4,6,Gustavo Hamer
0,0,Gustavo Puerta
0,0,Gvidas Gineitis
3,1,Habib Diarra
1,0,Habib Keita
0,0,Habib MaÃ¯ga
13,3,Hakan ÃalhanoÄlu
0,2,Hamari TraorÃ©
0,0,Hamed Junior TraorÃ¨
1,0,Hamza Rafia
0,0,Han-Noah Massengo
0,0,Hannes Delcroix
1,0,Hannibal Mejbri
0,1,Hans Hateboer
0,1,Hans Nicolussi Caviglia
0,2,Harrison Reed
36,8,Harry Kane
2,2,Harry Maguire
1,3,Harry Toffolo
4,6,Harry Wilson
5,3,Harvey Barnes
3,6,Harvey Elliott
1,1,Hassane Kamara
0,0,Hendry Blank
2,8,Henrikh Mkhitaryan
1,0,Henrique
0,0,Hianga Mananga Mbock
2,0,Hicham Boudaoui
0,2,Hiroki Ito
0,0,Hjalmar Ekdal
0,0,Houboulang Mendes
4,0,Houssem Aouar
1,0,Hrvoje SmolÄiÄ
0,0,Hugo Boutsingkham
0,0,Hugo Bueno
13,2,Hugo Duro
4,2,Hugo Ekitike
0,1,Hugo GonzÃ¡lez
1,0,Hugo GuillamÃ³n
2,1,Hugo Larsson
2,0,Hugo Magnetti
0,1,Hugo Sotelo
1,1,Hugo Ãlvarez
12,3,Hwang Hee-chan
2,0,HÃ¡kon Arnar Haraldsson
0,1,HÃ©ctor BellerÃ­n
0,2,HÃ©ctor Fort
1,1,Iago
9,10,Iago Aspas
2,2,Ian Maatsen
0,2,Ianis Hagi
1,0,Ibou SanÃ©
1,1,Ibrahim Cissoko
0,0,Ibrahim DiakitÃ©
4,1,Ibrahim Salah
0,0,Ibrahim SangarÃ©
2,0,Ibrahim Sulemana
0,0,Ibrahima Kebe
0,0,Ibrahima KonatÃ©
0,0,Ibrahima KonÃ©
0,1,Ibrahima Sissoko
0,0,Ichem Ferrah
0,0,Iddrisu Baba
4,0,Idrissa Gana Gueye
0,2,Iglesias
0,0,Ignacio Miramon
1,1,Ignasi Miquel
0,0,Ignatius Ganago
0,0,Igor
0,0,Igor Carioca
0,2,Igor Zubeldia
7,5,Ihlas Bebou
2,0,Iker Muniain
4,0,Iker MuÃ±oz
0,2,Ilaix Moriba
2,2,Ilario Monterisi
0,0,Ilhan Fakili
0,0,Ilia Gruev
2,2,Ilias Akhomach
3,3,Iliman Ndiaye
1,0,Illia Zabarnyi
0,0,Imanol
1,3,Imran Louza
0,0,IonuÈ Radu
0,0,Iron Gomis
0,0,Irvin Cardona
0,0,Isaac Carcelen
4,1,Isaac PalazÃ³n Camacho
4,4,Isaac Romero
1,1,Isaac Success
0,0,Isak Hansen-AarÃ¸en
0,1,Isak Hien
8,5,Isco
1,2,Ismail Jakobs
3,4,Ismaila Sarr
1,1,Ismaily
2,2,IsmaÃ«l Bennacer
0,0,IsmaÃ«l DoukourÃ©
2,0,IsmaÃ«l TraorÃ©
0,0,Issa Diop
0,2,Issa KaborÃ©
0,0,Issa SoumarÃ©
1,2,Issiaga Sylla
1,1,Ivan Cavaleiro
3,2,Ivan IliÄ
1,0,Ivan Ordets
0,1,Ivan PeriÅ¡iÄ
0,0,Ivan Provedel
2,1,Ivan RakitiÄ
4,2,Ivan Toney
0,0,Ivo GrbiÄ
0,2,IvÃ¡n Alejo
0,1,IvÃ¡n Balliu
0,0,IvÃ¡n CuÃ©llar
5,4,IvÃ¡n MartÃ­n
0,0,IvÃ¡n Villar
0,0,IÃ±aki GonzÃ¡lez
0,0,IÃ±aki PeÃ±a
12,3,IÃ±aki Williams
0,0,IÃ±igo Arguibide
0,2,IÃ±igo Lekue
0,0,IÃ±igo MartÃ­nez
1,1,IÃ±igo Ruiz de Galarreta
0,0,Jack Cork
3,1,Jack Grealish
3,3,Jack Harrison
3,0,Jack Hinshelwood
1,1,Jack Robinson
0,2,Jackson Tchatchoua
2,0,Jacob Brown
6,0,Jacob Bruun Larsen
0,0,Jacob Christensen
3,7,Jacob Murphy
1,1,Jacob Ramsey
1,1,Jacopo Fazzini
0,0,Jaden Philogene Bidace
2,2,Jadon Sancho
0,0,Jaidon Anthony
0,1,Jailson Siqueira
1,0,Jaime BÃ¡ez
5,1,Jaime Mata
0,0,Jaka Bijol
4,2,Jake O'Brien
1,2,Jakub Jankto
0,2,Jakub KamiÅski
1,3,Jakub Kiwior
0,0,Jakub Moder
1,0,Jamaal Lascelles
10,5,Jamal Musiala
1,2,James Garner
0,0,James Hill
4,9,James Maddison
0,0,James McConnell
3,3,James Mcatee
0,2,James Milner
0,0,James Shea
1,1,James Tarkowski
0,0,James Tomkins
0,0,James Trafford
7,7,James Ward-Prowse
0,0,Jamie Donley
1,4,Jamie Gittens
4,4,Jamie Leweling
0,0,Jan Oblak
0,0,Jan Paul van Hecke
2,2,Jan SchÃ¶ppner
1,0,Jan Thielmann
1,0,Jan-Carlo Simic
8,11,Jan-Niklas Beste
1,1,Janik Haberer
0,0,Janis Blaswich
0,0,Jannik MÃ¼ller
0,0,Jaouen Hadjam
2,0,Jarell Quansah
3,0,Jarrad Branthwaite
16,6,Jarrod Bowen
0,0,Jason Steele
0,0,Jastin GarcÃ­a
0,1,Jaume Costa
0,0,Jaume DomÃ©nech
0,1,Javi GalÃ¡n
1,2,Javi HernÃ¡ndez
1,3,Javi LÃ³pez
4,1,Javier Guerra
1,0,Javier LlabrÃ©s
0,1,Javier Manquillo
2,3,Javier MuÃ±oz
0,0,Javier Rueda Garcia
2,1,Jay Rodriguez
3,0,Jayden Bogle
0,0,Jayden Danns
0,0,JaÃ¯ro Riedewald
0,0,Jean MattÃ©o Bahoya
1,0,Jean Onana
2,0,Jean-Charles Castelletto
0,2,Jean-Clair Todibo
0,0,Jean-Daniel Akpa-Akpro
0,0,Jean-Kevin Duverne
0,0,Jean-Louis Leca
16,5,Jean-Philippe Mateta
4,3,Jean-Ricner Bellegarde
0,0,Jean-Victor Makengo
0,1,JeanuÃ«l Belocian
1,1,Jefferson Lerma
1,1,Jeffinho
1,0,Jeffrey Gouweleeuw
2,2,Jeffrey Schlupp
0,2,Jens Cajuste
0,1,Jens Grahl
2,0,Jens Odgaard
0,0,Jens Petter Hauge
3,1,Jens Stage
2,3,Jeong Woo-yeong
0,0,Jeppe Corfitzen
6,6,Jeremie Boga
9,7,Jeremie Frimpong
4,8,Jeremy Doku
0,0,Jeremy Jorge
0,5,Jeremy Toljan
0,0,JeremÃ­as Ledesma
0,0,Jesper Karlsson
0,0,Jesper LindstrÃ¸m
0,0,Jessic Ngankam
0,0,Jessy Deminguet
0,0,Jesurun Rak Sakyi
1,0,Jesus Vazquez
1,6,JesÃºs Areso
0,0,JesÃºs Corona
0,2,JesÃºs Navas
0,0,JesÃºs Owono
0,0,JesÃºs Vallejo
0,0,Jhoanner ChÃ¡vez
0,0,Jhon LucumÃ­
0,0,Jhon Solis
2,1,Jim Allevinah
0,0,Jimi Tauriainen
0,0,JiÅÃ­ Pavlenka
2,3,Joachim Andersen
2,3,Joakim MÃ¦hle
1,1,Joan GonzÃ lez
0,0,Joan JordÃ¡n
0,0,JoaquÃ­n Correa
0,0,JoaquÃ­n Panichelli
0,1,Joe Gomez
0,0,Joe Rothwell
1,4,Joe Scally
0,0,Joe White
1,0,Joe Willock
0,0,Joe Worrall
2,1,Joel Asoro
0,0,Joel Imasuen
0,0,Joel Mvuka
0,1,Joel Ward
2,1,Joelinton
0,0,Johan Gastien
0,3,Johan Mojica
1,1,Johan VÃ¡squez
0,0,Johann Lepenant
2,0,John Brooks
0,0,John Egan
0,0,John Fleck
6,4,John McGinn
1,0,John Stones
1,2,Johnny Cardoso
0,0,Jon Aramburu
3,4,Jon Guridi
0,0,Jon Karrikaburu
0,0,Jon Magunazelaia
0,0,Jon Martin
1,3,Jon Moncayola
1,1,Jon Pacheco
0,0,Jonas FÃ¶hrenbach
5,7,Jonas Hofmann
0,1,Jonas Martin
0,1,Jonas Omlin
11,7,Jonas Wind
0,0,Jonathan Asp Jensen
3,2,Jonathan Bamba
8,2,Jonathan Burkardt
3,4,Jonathan Clauss
19,4,Jonathan David
1,0,Jonathan Gradit
3,1,Jonathan Ikone
0,0,Jonathan Norbye
4,1,Jonathan Tah
2,4,Jonathan Viera
0,0,Jonny Castro
0,1,Jonny Evans
1,0,Jordan Amavi
4,7,Jordan Ayew
0,1,Jordan Beyer
1,1,Jordan Clark
1,1,Jordan Ferri
1,0,Jordan Lotomba
5,3,Jordan Pefok
0,0,Jordan Pickford
1,2,Jordan Veretout
1,0,Jordan Zemura
0,0,Jordi
0,1,Jordi Mboula
0,0,Jordy Makengo
3,1,Jorge Cuenca
0,1,Jorge Herrando
0,0,Jorge MerÃ©
0,0,Jorge Moreno
2,0,Jorge de Frutos
0,2,Jorginho
0,3,Joris Chotard
0,0,Joseba ZaldÃºa
10,2,Joselu
0,0,Josep Martinez
0,0,Joseph Aidoo
0,0,Joseph Johnson
0,0,Joseph Nduquidi
0,0,Joseph Nonge
1,0,Joseph Okumu
4,2,Josh Brownhill
2,3,Josh Cullen
0,0,Josh Dasilva
0,2,Josh Doig
1,1,Josh Wilson-Esbrand
2,2,Josha Vagnoman
0,0,Joshua Acheampong
1,6,Joshua Kimmich
0,0,Joshua M'Bahia
11,4,Joshua Zirkzee
1,0,Josip Brekalo
0,2,Josip JuranoviÄ
3,1,Josip StaniÅ¡iÄ
0,1,Josuha Guilavogui
0,5,JosuÃ© Casimir
2,1,JosÃ© Arnaiz
0,1,JosÃ© CallejÃ³n
0,0,JosÃ© CampaÃ±a
7,1,JosÃ© Luis GarcÃ­a VayÃ¡
1,2,JosÃ© Luis GayÃ 
7,0,JosÃ© Luis Morales
0,0,JosÃ© Luis Palomino
0,0,JosÃ© Mari
0,0,JosÃ© MarÃ­a GimÃ©nez
0,0,JosÃ© Pozo
0,1,JosÃ© SÃ¡
0,0,Jovan MiloÅ¡eviÄ
1,0,Jovane Cabral
2,4,JoÃ£o Cancelo
0,0,JoÃ£o Costa
0,1,JoÃ£o Ferreira
7,3,JoÃ£o FÃ©lix
2,1,JoÃ£o Gomes
4,1,JoÃ£o Palhinha
9,3,JoÃ£o Pedro
0,0,JoÃ«l Matip
1,1,JoÃ«l Veltman
4,1,JoÅ¡ko Gvardiol
0,0,Juan Cruz
0,1,Juan Cruz Armada
0,2,Juan Cuadrado
0,0,Juan David Cabal
1,1,Juan Foyth
2,0,Juan Herzog
1,0,Juan Jesus
1,1,Juan Miranda
0,0,Juan Musso
0,2,Juanlu SÃ¡nchez
3,1,Juanmi
2,0,Juanmi Latasa
0,0,Juanpe
19,6,Jude Bellingham
0,0,Julen Agirrezabala
1,2,Jules KoundÃ©
1,0,Julian Araujo
7,11,Julian Brandt
0,0,Julian Chabot
2,2,Julian Justvan
4,1,Julian Ryerson
2,3,Julian Weigl
0,0,Julien Duranville
0,0,Julien Laporte
0,0,Julien Le Cardinal
3,2,Julien Ponceau
0,2,Julio Enciso
1,0,JuliÃ¡n Malatini
11,8,JuliÃ¡n Ãlvarez
0,0,Junior Adamu
5,3,Junior Dina Ebimbe
1,0,Junior Messias
1,1,Junior Mwanga
1,2,Junior Sambia
3,7,Junya Ito
0,0,JurriÃ«n Timber
0,0,Justin Diehl
7,1,Justin Kluivert
0,0,Justin Kumi
6,2,Justin Njinmah
5,0,JÃ¡der DurÃ¡n
0,0,JÃ©rÃ©mie Bela
0,1,JÃ©rÃ©my Jacquet
4,0,JÃ©rÃ©my Le Douaron
2,0,JÃ©rÃ©my Sebas
0,0,JÃ©rÃ´me Boateng
0,1,JÃ©rÃ´me Roussillon
1,3,JÃ³hann Berg GuÃ°mundsson
13,3,JÃ¸rgen Strand Larsen
0,1,Kacper Urbanski
0,0,Kaelan Casey
13,7,Kai Havertz
0,0,Kaide Gordon
1,0,Kaiky
0,0,Kaine Kesler-Hayden
3,0,Kaio Jorge
0,0,Kalvin Phillips
0,1,Kamil JÃ³Åºwiak
0,0,Kamil PiÄtkowski
6,5,Kamory Doumbia
3,4,Kaoru Mitoma
0,0,Karamoko DembÃ©lÃ©
3,1,Karim Adeyemi
1,3,Karim Onisiwo
0,0,Karl Etta Eyong
0,0,Karlo LuliÄ
0,0,Karol Linetty
2,0,Karol Åwiderski
0,0,Kasim Nuhu
1,0,Kassoum Ouattara
3,1,Keane Lewis-Potter
1,0,Keinan Davis
4,1,Keito Nakamura
0,1,Kelvin Amian
0,0,Kelvin Yeboah
2,0,Kenan YÄ±ldÄ±z
0,0,Kenneth Schmidt
2,3,Kenny Lala
1,0,Kenny Tete
0,0,Kepa Arrizabalaga
5,1,Keven Schlotterbeck
0,0,Kevin Akpoguma
5,1,Kevin Behrens
0,0,Kevin Bonifazi
1,0,Kevin Danso
4,10,Kevin De Bruyne
1,0,Kevin Kampl
0,2,Kevin Mbabu
0,0,Kevin Miranda
0,0,Kevin MÃ¼ller
3,0,Kevin Paredes
2,1,Kevin Schade
3,0,Kevin Sessa
0,2,Kevin Strootman
7,10,Kevin StÃ¶ger
0,0,Kevin Trapp
0,0,Kevin Vogt
3,4,Kevin Volland
0,0,Kevin VÃ¡zquez
0,0,Kevin Zeroli
0,0,Keyliane Abdallah
0,0,Keylor Navas
3,0,Khalil Fayad
11,6,Khvicha Kvaratskhelia
1,1,KhÃ©phren Thuram
1,0,Kieffer Moore
0,2,Kieran Tierney
1,10,Kieran Trippier
0,0,Kike Barja
1,0,Kike PÃ©rez
3,0,Kike Salas
0,0,Kiko FemenÃ­a
3,2,KikÃ©
0,0,Kilian Fischer
0,1,Kiliann Sildillia
1,1,Kim Min-jae
3,3,Kingsley Coman
0,1,Kingsley Ehizibue
1,0,Kingstone Mutandwa
6,2,Kirian RodrÃ­guez
0,1,Kjell-Arik WÃ¤tjen
0,0,Klaus Gjasula
3,0,Ko Itakura
3,1,Kobbie Mainoo
0,0,Koen Casteels
0,0,Koffi Djidji
0,2,Koffi Kouao
0,0,Kofi Amoako
0,4,Koke
0,0,Komnen AndriÄ
0,1,Koni De Winter
0,3,Konrad Laimer
1,0,Konstantinos Mavropanos
0,0,Kostas Manolas
0,3,Kostas Tsimikas
6,1,Kristian Thorstvedt
2,1,Kristijan JakiÄ
1,2,Kristjan Asllani
2,1,Kristoffer Ajer
0,2,KrÃ©pin Diatta
3,0,Kurt Zouma
0,4,Kyle Walker
27,7,Kylian MbappÃ©
4,2,KÃ©vin Gameiro
0,0,KÃ©vin Keben Biakolo
0,2,KÃ©vin N'Doram
1,2,KÃ©vin Van Den Kerkhof
2,4,Lameck Banda
1,4,Lamine Camara
0,0,Lamine Diack
5,5,Lamine Yamal
0,0,Lapo Nava
3,5,Largie Ramazani
0,1,Lassana Coulibaly
2,1,Laurent Abergel
1,0,Lautaro Gianetti
24,3,Lautaro MartÃ­nez
0,0,Layvin Kurzawa
6,2,Lazar Samardzic
1,0,Leander Dendoncker
4,1,Leandro Barreiro Martins
3,5,Leandro Paredes
12,1,Leandro Trossard
0,0,Leart Paqarada
3,0,Lebo Mothiba
6,3,Lee Jae-sung
3,4,Lee Kang-in
1,1,Lennard Maloney
2,0,Leny Yoro
1,0,Leo Skiri ÃstigÃ¥rd
10,9,Leon Bailey
0,0,Leon Chiwome
6,7,Leon Goretzka
0,0,Leon Opitz
2,0,Leonardo Balerdi
1,2,Leonardo Bittencourt
1,0,Leonardo Bonucci
0,0,Leonardo Cerri
0,0,Leonardo Mendicino
4,1,Leonardo Pavoletti
1,2,Leonardo Spinazzola
1,0,Leonidas Stergiou
8,11,Leroy SanÃ©
0,0,Lesley Ugochukwu
1,1,Levi Colwill
0,3,Lewis Cook
1,0,Lewis Dobbin
3,1,Lewis Dunk
6,3,Lewis Ferguson
1,0,Lewis Hall
1,3,Lewis Miley
0,0,Lewis Warrington
0,0,Liam Henderson
0,1,Liberato Cacace
3,0,Lilian Brassier
0,0,Lilian Egloff
1,3,Linton Maina
0,1,Lisandro MartÃ­nez
0,1,Lloyd Kelly
1,1,Logan Costa
2,3,Lorenz Assignon
0,0,Lorenzo Amatucci
4,1,Lorenzo Colombo
2,0,Lorenzo De Silvestri
8,4,Lorenzo Lucca
0,1,Lorenzo MontipÃ²
8,3,Lorenzo Pellegrini
1,0,Lorenzo Pirola
0,0,Lorenzo Venuti
0,0,Loris Karius
0,0,Loris Mouyokolo
4,3,Loum Tchaouna
5,5,Lovro Majer
1,0,Lovro Zvonarek
0,1,LoÃ¯c Bade
0,3,LoÃ¯c Nego
24,7,LoÃ¯s Openda
1,1,Luca Caldirola
0,0,Luca Garritano
0,0,Luca Gemello
0,0,Luca Kilian
1,1,Luca Koleosho
0,0,Luca Lipani
5,0,Luca Mazzitelli
0,4,Luca Netz
1,0,Luca Pellegrini
1,4,Luca Pfeiffer
0,0,Luca Raimund
2,1,Luca Ranieri
3,0,Luca Waldschmidt
1,4,Luca de la Torre
1,0,Lucas
6,2,Lucas BeltrÃ¡n
1,0,Lucas Beraldo
6,3,Lucas BoyÃ©
0,0,Lucas Chevalier
1,3,Lucas Digne
1,1,Lucas HernÃ¡ndez
7,2,Lucas HÃ¶ler
5,1,Lucas MartÃ­nez Quarta
0,0,Lucas Michal
1,1,Lucas Mincarelli
4,3,Lucas Ocampos
4,6,Lucas PaquetÃ¡
0,1,Lucas Perrin
0,5,Lucas Robertone
1,0,Lucas TorrÃ³
0,0,Lucas Tousart
3,6,Lucas VÃ¡zquez
0,0,Lucien Agoume
0,0,Luck ZogbÃ©
2,0,Ludovic Ajorque
4,1,Ludovic Blas
0,0,Luigi Canotto
5,7,Luis Alberto
8,5,Luis DÃ­az
1,0,Luis Henrique
1,0,Luis HernÃ¡ndez
6,0,Luis Javier SuÃ¡rez
0,1,Luis Milla
2,1,Luis Muriel
5,4,Luis Rioja
2,2,Luis Sinisterra
0,0,Luiz Felipe
0,3,Luiz Henrique
6,1,Luka JoviÄ
2,6,Luka ModriÄ
3,0,Luka Romero
1,1,Lukas Daschner
1,0,Lukas Klostermann
1,0,Lukas KÃ¼bler
1,0,Lukas Nmecha
0,0,Lukas Ullrich
2,1,Luke Berry
0,0,Luke Harris
0,0,Luke Shaw
0,0,Luke Thomas
0,0,LukÃ¡Å¡ HrÃ¡deckÃ½
0,0,LuÃ­s Maximiano
5,3,Lyle Foster
0,0,LÃ¡zaro
6,0,LÃ©o BaptistÃ£o
0,1,LÃ©o Leroy
3,3,M'Bala Nzola
6,1,M'Baye Niang
1,0,Mads Juel Andersen
1,1,Mads Pedersen
1,2,Mads Roerslev
0,0,Maduka Okoye
7,4,Maghnes Akliouche
0,0,Mahamadou Diawara
0,0,Mahamadou Nagida
7,3,Mahdi Camara
1,1,Mahmoud Dahoud
0,0,Mahmut KÃ¼cÃ¼ksahin
0,0,Makoto Hasebe
3,0,Malick Fofana
0,0,Malick Mbaye
0,1,Malick Thiaw
0,6,Malo Gusto
2,3,Mama Samba BaldÃ©
0,0,Mamadou Coulibaly
0,0,Mamadou Diakhon
0,0,Mamadou Mbaye
0,0,Mamadou Sakho
0,0,Mamadou Sarr
0,0,Mamadou Sylla
0,1,Mamady BangrÃ©
0,2,Manor Solomon
0,0,Manu Bueno
1,0,Manu KonÃ©
0,2,Manu Morlanes
0,5,Manu SÃ¡nchez
0,0,Manu Trigueros
2,0,Manuel Akanji
1,0,Manuel Gulde
0,2,Manuel Lazzari
1,4,Manuel Locatelli
0,0,Manuel Neuer
0,0,Manuel Riemann
0,2,Manuel Ugarte
0,0,Marash Kumbulla
0,0,Marc Bartra
4,1,Marc Cardona
0,0,Marc Casado
0,2,Marc Cucurella
1,0,Marc Guiu
0,1,Marc GuÃ©hi
0,0,Marc MartÃ­nez
1,3,Marc Pubill
2,2,Marc Roca
0,0,Marc-AndrÃ© ter Stegen
4,3,Marcel Sabitzer
0,0,Marcel Schuhen
0,0,Marciano Tchami
0,0,Marcin BuÅka
0,0,Marcin Listkowski
4,5,Marco Asensio
0,0,Marco Bizot
4,2,Marco Brescianini
0,0,Marco Carnesecchi
1,0,Marco Friedl
0,0,Marco Mancosu
0,0,Marco Pellegrino
6,8,Marco Reus
1,0,Marco Richter
0,0,Marco Silvestri
0,0,Marco Sportiello
1,2,Marcos AcuÃ±a
0,0,Marcos Alonso
6,4,Marcos Llorente
0,0,Marcos PeÃ±a
4,5,Marcos Senesi
1,0,Marcus Coco
0,0,Marcus MÃ¼ller
0,2,Marcus Pedersen
7,2,Marcus Rashford
3,4,Marcus Tavernier
13,7,Marcus Thuram
0,0,MarcÃ£o
0,0,Mariano
0,0,Marin PongraÄiÄ
0,0,Mario Dominguez
0,0,Mario Gila
3,2,Mario GÃ¶tze
0,1,Mario Hermoso
4,1,Mario Lemina
0,0,Mario MartÃ­n
6,6,Mario PaÅ¡aliÄ
1,4,Marius BÃ¼lter
0,1,Marius Wolf
0,1,Mark Flekken
0,0,Mark O'Mahony
0,0,Mark Travers
0,1,Mark Uth
5,3,Marko ArnautoviÄ
0,0,Marko DmitroviÄ
1,0,Marko MilovanoviÄ
0,0,Marko MladenoviÄ
0,0,Marley AkÃ©
0,0,Marnon Busch
0,1,Marquinhos
4,3,Marshall Munetsi
0,5,Marten de Roon
0,0,Martin DÃºbravka
1,0,Martin Erlic
0,0,Martin Hongla
4,4,Martin Satriano
7,3,Martin Terrier
0,1,Martin Valjent
8,10,Martin Ãdegaard
2,2,MartÃ­n Payero
4,1,MartÃ­n Zubimendi
0,0,Marvelous Nakamba
0,2,Marvin
1,0,Marvin Cuni
12,9,Marvin Ducksch
0,0,Marvin Friedrich
3,2,Marvin Mehlem
3,3,Marvin Pieringer
0,0,Marvin SchwÃ¤be
1,1,Marvin Senaya
0,0,Masaya Okugawa
0,0,Mason Burstow
8,6,Mason Greenwood
0,0,Mason Holgate
1,0,Mason Mount
0,1,Massadio HaÃ¯dara
0,0,Massamba Ndiaye
0,0,Matej Kovar
1,0,Matej Maglica
1,0,Mateo KovaÄiÄ
7,2,Mateo Retegui
0,0,Mateu Morey
0,0,Mateus Lusuardi
1,1,Mateusz Wieteska
0,0,Mateusz ÅÄgowski
12,7,Matheus Cunha
0,1,Matheus FranÃ§a
2,2,Matheus Henrique
0,2,Matheus Nunes
1,1,Mathias Honsak
3,3,Mathias Jensen
1,0,Mathias JÃ¸rgensen
0,0,Mathias Olesen
3,2,Mathias Pereira Lage
0,0,Mathieu Gorgelin
0,0,Mathis Lambourde
7,5,Mathys Tel
1,1,MathÃ­as Olivera
0,0,Matias Arezo
2,0,Matija NastasiÄ
3,0,Mats Hummels
1,0,Matt Doherty
1,0,Matt Ritchie
0,0,Matt Targett
0,0,Matt Turner
4,3,Matteo Cancellieri
2,1,Matteo Darmian
2,1,Matteo Gabbia
0,0,Matteo Lovato
0,0,Matteo Perez VinlÃ¶f
6,3,Matteo Pessina
8,7,Matteo Politano
1,1,Matteo Prati
0,4,Matteo Ruggeri
1,2,Matthias Bader
0,2,Matthias Ginter
3,3,Matthieu Udol
2,0,Matthijs de Ligt
5,0,Matthis Abline
2,0,Mattia Bani
0,0,Mattia Caldara
0,0,Mattia De Sciglio
0,0,Mattia Destro
0,0,Mattia Perin
1,0,Mattia Viti
6,1,Mattia Zaccagni
1,3,Mattias Svanberg
2,2,Matty Cash
2,3,MattÃ©o Guendouzi
0,0,Matz Sels
11,3,MatÃ¬as SoulÃ©
6,1,MatÃ­as Vecino
0,3,MatÃ­as ViÃ±a
1,1,MatÃºÅ¡ Bero
0,0,Mauro Arambarri
0,1,Max Aarons
1,0,Max FinkgrÃ¤fe
2,0,Max Kilman
0,0,Max Lowe
0,0,Max Moerstedt
0,0,Max Svensson
1,3,Maxence Caqueret
4,1,Maxence Lacroix
0,0,Maxi GÃ³mez
0,0,Maxim Leitsch
0,0,Maxime Busi
0,0,Maxime Colin
1,1,Maxime EstÃ¨ve
1,0,Maxime Gonalons
0,0,Maxime Lopez
2,1,Maximilian Arnold
1,0,Maximilian Bauer
16,1,Maximilian Beier
0,0,Maximilian Breunig
1,2,Maximilian Eggestein
2,4,Maximilian MittelstÃ¤dt
1,0,Maximilian Philipp
3,1,Maximilian Wittek
2,3,Maximilian WÃ¶ber
0,1,Maximiliano Caufriez
1,0,Maxwel Cornet
0,0,Medon Berisha
0,0,Mehdi Bourabia
0,0,Mehdi Zeffane
1,2,Melvin Bard
5,1,Memphis
0,0,Mergim Berisha
2,4,Merlin RÃ¶hl
1,0,Mert KÃ¶mÃ¼r
0,0,Merveille Papela
3,2,Michael Amir Murillo
5,1,Michael Folorunsho
7,4,Michael Gregoritsch
1,1,Michael Kayode
1,0,Michael Keane
0,0,Michael Ndiweni
0,0,Michael Obafemi
0,0,Michael Olakigbe
10,6,Michael Olise
0,0,Michael Zetterer
6,2,Michail Antonio
0,1,Michel Aebischer
0,1,Michel Ndary Adopo
0,0,Michele Cerofolini
0,0,Michele Di Gregorio
3,0,Micky van de Ven
0,0,Miguel
3,1,Miguel AlmirÃ³n
2,7,Miguel GutiÃ©rrez
0,0,Miguel RodrÃ­guez
1,0,Miguel Ãngel Rubio
0,0,Mihailo RistiÄ
0,1,Mika MÃ¡rmol
0,1,Mike Maignan
0,0,Mike TrÃ©sor
0,0,Mikel Jauregizar
5,3,Mikel Merino
9,3,Mikel Oyarzabal
3,1,Mikel Vesga
0,0,Mikey Moore
0,2,Mikkel Damsgaard
0,1,Mikkel Desler
1,0,Mikkel Kaufmann
1,3,Milan Badelj
9,2,Milan ÄuriÄ
0,0,Milan Å kriniar
0,0,Mile Svilar
0,1,Milos Kerkez
1,0,MiloÅ¡ PantoviÄ
2,1,MiloÅ¡ VeljkoviÄ
0,0,Milutin OsmajiÄ
1,0,Mirko MariÄ
1,0,Mitchel Bakker
3,7,Mitchell Weiser
2,0,Modibo Sagnan
1,2,Mohamed Ali Cho
8,3,Mohamed Bamba
0,0,Mohamed Bechikh
0,0,Mohamed Bouchenna
1,2,Mohamed Camara
4,5,Mohamed Daramy
0,0,Mohamed El Arouch
0,0,Mohamed Elneny
0,0,Mohamed Kaba
5,1,Mohamed Lamine Bayo
18,10,Mohamed Salah
2,3,Mohamed Simakan
8,6,Mohammed Kudus
0,1,Mohammed Salisu
3,0,Moi GÃ³mez
0,0,Moise Kean
1,3,MoisÃ©s Caicedo
0,0,Montassar Talbi
5,10,Morgan Gibbs-White
2,0,Morgan Guilavogui
3,1,Morgan Rogers
2,3,Morgan Sanson
2,3,Moritz Broschinski
0,1,Moritz Jenz
0,0,Moritz Nicolas
0,1,Moritz-Broni Kwarteng
2,5,Morten Frendrup
2,2,Morten Thorsby
0,0,Mory Diaw
3,5,Moses Simon
8,2,Mostafa Mohamed
1,0,Mouctar Diakhaby
6,8,Moussa Diaby
0,0,Moussa DiakitÃ©
1,2,Moussa Diarra
1,0,Moussa Niakhate
0,0,Moussa Sissoko
3,1,MoÃ¯se Sahi Dion
8,4,Muhammed Cham
3,2,Munir El Haddadi
0,2,Murillo
5,2,Musa Al-Taamari
5,2,Mykhailo Mudryk
0,0,Myles Peart-Harris
1,0,Myron Boadu
11,1,Myrto Uzuni
0,2,MÃ¡rio Rui
0,0,MÃ¡ximo Perrone
0,3,MÃ«rgim Vojvoda
0,0,N'Guessan Kouadio
0,0,Naatan SkyttÃ¤
0,0,Nabil Aberdin
4,1,Nabil Alioui
0,3,Nabil Bentaleb
1,2,Nabil Fekir
0,0,Naby KeÃ¯ta
0,1,Nacho
1,0,Nacho Ferri
1,0,Nacho Vidal
1,4,Nadiem Amiri
2,5,Nadir Zortea
2,3,Nahitan NÃ¡ndez
2,3,Nahuel Molina
1,0,Nahuel Tenaglia
0,1,Nampalys Mendy
0,0,Naouirou Ahamada
0,0,Natan
2,2,Nathan AkÃ©
1,1,Nathan Collins
0,0,Nathan Fraser
5,2,Nathan N'Goumou
0,2,Nathan Patterson
0,0,Nathan Redmond
5,2,Nathan Tella
0,0,Nathan Zeze
0,0,Nathanael Mbuku
0,0,Nathaniel Adjei
0,0,Nathaniel Clyne
1,0,Nayef Aguerd
6,3,Neal Maupay
0,1,Neco Williams
2,2,Nedim Bajrami
0,0,NehuÃ©n PÃ©rez
1,2,Neil El Aynaoui
0,0,Nelson Weiper
1,1,Nemanja Gudelj
4,0,Nemanja MaksimoviÄ
0,0,Nemanja MatiÄ
3,0,Nemanja RadonjiÄ
0,0,Neto
0,1,Neto Borges
1,0,NiccolÃ² Pierozzi
0,0,NiccolÃ² Pisilli
0,0,Nick Pope
2,0,Nick Woltemade
12,8,Niclas FÃ¼llkrug
2,1,Nico Elvedi
2,1,Nico Schlotterbeck
5,11,Nico Williams
0,0,Nicola Bagnolini
0,0,Nicola Leali
2,2,Nicola Sansone
0,1,Nicola Zalewski
0,0,Nicolai Rapp
0,0,Nicolas Cozza
0,0,Nicolas Haas
1,1,Nicolas HÃ¶fler
14,5,Nicolas Jackson
0,1,Nicolas Pallois
0,2,Nicolas Seiwald
5,2,Nicolas Viola
2,2,NicolÃ¡s DomÃ­nguez
12,2,NicolÃ¡s GonzÃ¡lez
0,0,NicolÃ¡s Paz
3,1,NicolÃ¡s Tagliafico
2,3,NicolÃ² Barella
1,1,NicolÃ² Cambiaghi
0,0,NicolÃ² Casale
0,2,NicolÃ² Fagioli
0,2,NicolÃ² Rovella
2,0,NicolÃ² Zaniolo
3,2,Niels Nkounkou
0,0,Nikita Contini Baranovsky
0,0,Niklas Dorsch
1,1,Niklas Schmidt
2,0,Niklas Stark
1,0,Niklas SÃ¼le
3,1,Nikola Dovedan
7,1,Nikola KrstoviÄ
0,0,Nikola MilenkoviÄ
1,0,Nikola Moro
0,0,Nikola Sekulov
3,2,Nikola VlaÅ¡iÄ
0,0,NjegoÅ¡ PetroviÄ
0,0,Nnamdi Collins
0,0,Noah Atubolu
0,0,Noah Loosli
0,1,Noah Mbamba
6,2,Noah Okafor
1,2,Noah WeiÃhaupt
0,0,Noam Mayoka-Tika
1,0,Nolan Mbemba
5,2,Noni Madueke
0,0,Norbert GyÃ¶mbÃ©r
0,0,Nordi Mukiele
0,1,Norman Theuerkauf
0,3,Noussair Mazraoui
0,0,Nuha Jatta
1,1,Nuno Mendes
0,0,Nuno Tavares
0,1,NÃ©lson Semedo
0,3,Obite N'Dicka
0,0,Odeluga Offiah
1,0,Odilon Kossounou
7,0,Odsonne Ãdouard
0,0,Odysseas Vlachodimos
2,0,Ohis Felix Uduokhai
2,0,Oier Zarraga
4,5,Oihan Sancet
1,1,Ola Aina
0,0,Ola Solbakken
0,0,Olasagasti
0,0,Ole Pohlmann
1,2,Oleksandr Zinchenko
0,0,Oliver Arblaster
0,1,Oliver Baumann
0,0,Oliver Burke
0,0,Oliver Christensen
6,3,Oliver McBurnie
1,0,Oliver Norwood
0,0,Oliver Skipp
2,1,Olivier Deman
15,8,Olivier Giroud
19,13,Ollie Watkins
0,1,Omar Alderete
12,6,Omar Marmoush
0,0,Omar Mascarell
0,2,Omar TraorÃ©
0,1,Omari Forson
0,0,Omari Kellyman
0,0,Omenuke Mfulu
1,4,Ondrej Duda
3,0,Orel Mangala
0,1,Oriol Romeu
1,1,Oscar Bobb
1,1,Oscar CortÃ©s
0,0,Oscar EstupiÃ±an
4,1,Oscar Vilhelmsson
1,0,Othmane Maamma
0,0,Oualid El Hajjam
5,1,Oumar DiakitÃ©
3,8,Ousmane DembÃ©lÃ©
2,2,Oussama El Azzouzi
0,0,Oussama Targhalline
0,0,Owen Beck
4,0,Ozan Kabak
0,1,Pablo Barrios
0,0,Pablo Busto
3,2,Pablo Fornals
0,0,Pablo Galdames MillÃ¡n
0,0,Pablo Gozalbez
1,2,Pablo IbÃ¡Ã±ez
1,2,Pablo Maffeo
0,0,Pablo MarÃ­
0,0,Pablo Pagis
0,0,Pablo Rosario
0,0,Pablo Saenz
4,7,Pablo Sarabia
0,2,Pablo Torre
0,0,Paco Sanz
1,1,Panos Katseris
0,0,Pantelis Hatzidiakos
2,1,Papa Amadou Diallo
1,0,Pape Gueye
3,3,Pape Matar Sarr
0,0,Papu GÃ³mez
4,10,Pascal GroÃ
0,5,Pascal Stenzel
0,0,Pascu
0,2,Pasquale Mazzocchi
1,0,PathÃ© Ciss
2,0,Patric
0,1,Patric Pfeiffer
0,1,Patrick Ciurria
2,0,Patrick Dorgu
0,0,Patrick Herrmann
2,0,Patrick Mainka
2,1,Patrick Osterhage
0,0,Patrick Ouotro
2,0,Patrick Wimmer
7,0,Patrik Schick
0,0,Pau CubarsÃ­
0,0,Pau LÃ³pez
2,0,Pau Torres
0,0,Paul Akouokou
0,0,Paul Dummett
0,0,Paul Jaeckel
0,0,Paul Pogba
0,0,Paulo Azzi
13,9,Paulo Dybala
0,0,Paulo Gazzaniga
0,0,Pavao Pervan
3,4,Pavel KadeÅÃ¡bek
0,0,PaweÅ Dawidowicz
0,1,Paxten Aaronson
4,2,Pedri
1,1,Pedro
1,1,Pedro Chirivella
2,9,Pedro Neto
0,0,Pedro Obiang
0,2,Pedro Pereira
3,7,Pedro Porro
2,0,PejiÃ±o
0,0,Pelly Ruddock Mpanzu
0,0,Pep Biel
1,1,Pep ChavarrÃ­a
0,0,Pepe Reina
0,0,PepÃ­n
1,0,Perr Schuurs
0,0,Peru Nolaskoain
2,3,Pervis EstupiÃ±Ã¡n
0,0,Peter GonzÃ¡lez
19,8,Phil Foden
2,2,Philip Billing
0,0,Philipp FÃ¶rster
4,2,Philipp Hofmann
0,0,Philipp KÃ¶hn
1,0,Philipp Lienhart
1,2,Philipp Max
0,0,Philippe Coutinho
8,4,Phillip Tietz
1,2,Phillipp Mwene
0,0,Pierluigi Gollini
1,2,Piero HincapiÃ©
0,0,Pierre HÃ¸jbjerg
0,0,Pierre Kalulu
4,0,Pierre Lees-Melou
17,8,Pierre-Emerick Aubameyang
0,0,Pietro Comuzzo
1,1,Pietro Pellegri
0,0,Pietro Terracciano
3,2,Piotr ZieliÅski
2,1,Pol Lirola
2,1,Pontus Almqvist
7,5,Portu
0,0,Predrag RajkoviÄ
3,2,PrzemysÅaw Frankowski
0,0,PrzemysÅaw SzymiÅski
0,0,PÃ©ter GulÃ¡csi
0,2,Quentin Merlin
0,1,Rabby Nzingoula
0,0,Rachad Fettal
1,0,Radamel Falcao
0,0,Rade KruniÄ
0,0,RadosÅaw Majecki
2,1,Radu DrÄguÈin
0,0,Rafa MarÃ­n
2,0,Rafa Mir
4,0,Rafael BorrÃ©
9,9,Rafael LeÃ£o
0,0,Rafael TolÃ³i
0,0,Raffaele Di Gennaro
8,4,Raheem Sterling
0,0,Raimane Daou
0,0,Ramy Bensebaini
0,2,RamÃ³n Terrats
7,5,Randal Kolo Muani
1,1,Randy Nteka
0,0,Rani Khedira
1,7,Raoul Bellanova
3,0,RaphaÃ«l Guerreiro
1,0,RaphaÃ«l Varane
6,9,Raphinha
0,1,RareÈ-CÄtÄlin Burnete
0,0,Rasmus Carstensen
10,2,Rasmus HÃ¸jlund
1,1,Rasmus Kristensen
2,0,Rasmus Nicolaisen
0,0,Rassoul Ndiaye
2,1,Rayan AÃ¯t-Nouri
1,6,Rayan Cherki
6,1,RaÃºl
0,1,RaÃºl Albiol
0,0,RaÃºl FernÃ¡ndez
1,0,RaÃºl GarcÃ­a
7,0,RaÃºl JimÃ©nez
0,0,RaÃºl Torrente
1,2,RaÃºl de TomÃ¡s
0,0,Reda Belahyane
1,3,Reda Khadra
0,4,Reece Burke
0,2,Reece James
2,2,Reinier
2,1,Reinildo Mandava
0,0,Reiss Nelson
0,0,Remi Matthews
3,2,Remi Oudin
1,1,Remo Freuler
0,0,Renan Lodi
1,0,Renato Sanches
0,0,Renato Tapia
0,0,Rhian Brewster
0,0,Rhys Norrington-Davies
3,0,Ricard SÃ¡nchez
1,2,Ricardo RodrÃ­guez
0,0,Ricardo Visus
2,5,Riccardo Calafiori
0,4,Riccardo Marchizza
10,2,Riccardo Orsolini
0,0,Riccardo Pagano
0,0,Riccardo Saponara
2,3,Riccardo Sottil
11,4,Richarlison
0,2,Rick Karsdorp
0,1,Rico Henry
2,0,Rico Lewis
0,1,Ridgeciano Haps
1,0,Ridle Baku
7,2,Ritsu Doan
4,2,Robert Andrich
0,0,Robert Gumny
19,8,Robert Lewandowski
3,4,Robert Skov
0,0,Robert SÃ¡nchez
1,2,Roberto Gagliardini
0,0,Roberto Massimo
1,1,Roberto Navarro
4,3,Roberto Pereyra
5,0,Roberto Piccoli
6,3,Robin Gosens
10,2,Robin Hack
1,0,Robin Knoche
2,0,Robin Koch
2,0,Robin Le Normand
0,0,Robin Olsen
0,0,Robin Zentner
6,3,Rocco Reitz
8,9,Rodri
1,1,Rodrigo Bentancur
3,5,Rodrigo De Paul
9,1,Rodrigo Muniz
0,0,Rodrigo Ribeiro
3,5,Rodrigo Riquelme
10,5,Rodrygo
2,3,Roger MartÃ­
1,0,RogÃ©rio
3,2,Roland Sallai
3,3,Rolando Mandragora
8,8,Romain Del Castillo
5,1,Romain Faivre
0,1,Romain Perraud
3,0,Roman Yaremchuk
4,6,Romano Schmid
13,3,Romelu Lukaku
0,0,Rominigue KouamÃ©
0,0,RomÃ©o Lavia
1,2,Ronald AraÃºjo
0,0,RonaÃ«l Pierre-Gabriel
5,4,Ross Barkley
0,0,Royce Openda
0,0,Ruan
1,3,Ruben Aguilar
0,0,Ruben Lendinez
6,1,Ruben Loftus-Cheek
4,5,Ruben Vargas
3,1,RubÃ©n Alcaraz
0,0,RubÃ©n Blanco
2,1,RubÃ©n Duarte
3,2,RubÃ©n GarcÃ­a
0,2,RubÃ©n PeÃ±a
0,1,RubÃ©n Sobrino
0,0,Rui PatrÃ­cio
0,0,Rui Silva
4,1,Ruslan Malinovskyi
0,5,Ryan Christie
0,0,Ryan Giles
1,0,Ryan Gravenberch
0,0,Ryan One
1,1,Ryan Yates
2,2,RÃ©my Cabella
0,0,RÃ©my Descamps
0,0,RÃ©my Riou
0,0,RÃºben Dias
0,0,RÃºben Vinagre
0,3,RÄzvan Marin
0,0,Saba Sazonov
0,0,Sacha Boey
0,0,Sacha Delaye
0,0,Sadibou SanÃ©
0,1,Sael Kumbedi
0,1,Saidou Sow
0,0,Salih Ãzcan
0,0,Salim El Jebari
0,0,Salis Abdul Samed
0,0,Salvi
1,1,Sam Beukema
0,0,Sam Curtis
0,0,Sam Johnstone
1,0,Saman Ghoddos
0,0,Samu Castillejo
1,1,Samu Costa
9,1,Samu Omorodion
0,0,Samuel Bamba
1,3,Samuel Chukwueze
3,0,Samuel Gigot
1,1,Samuel Grandsir
1,2,Samuel Iling-Junior
4,5,Samuel Lino
1,0,Samuel Moutoussamy
0,0,Samuel Umtiti
0,2,Samuele Birindelli
0,0,Samuele Di Benedetto
0,0,Samuele Mulattieri
0,0,Samuele Perisan
1,2,Samuele Ricci
1,0,Samuele Vignato
1,2,Sander Berge
1,3,Sandi LovriÄ
1,3,Sandro RamÃ­rez
1,0,Sandro Tonali
0,0,Sanjin PrciÄ
2,0,Santi ComesaÃ±a
0,0,Santiago Bueno
1,1,Santiago Castro
0,0,Santiago GarcÃ­a
0,2,Santiago Pierotti
3,0,Sardar Azmoun
1,2,Sargis Adamyan
2,1,Sasa Kalajdzic
3,4,SaÃ¯d Benrahma
0,0,SaÃ¯mon BouabrÃ©
1,0,SaÃºl Coco
1,4,SaÃºl ÃÃ­guez
1,0,SaÅ¡a LukiÄ
0,0,Scott McKenna
7,1,Scott McTominay
1,0,Sead KolaÅ¡inac
6,2,Sean Longstaff
0,0,Sebastiaan Bornauw
0,1,Sebastian Polter
0,0,Sebastian Rode
0,0,Sebastian Walukiewicz
1,1,Sebastiano Luperto
0,1,Selim Amallah
0,3,Senne Lynen
0,1,Senny Mayulu
3,0,Sepp van den Berg
0,2,Serge Aurier
3,1,Serge Gnabry
1,0,Sergi Altimira
1,2,Sergi CanÃ³s
1,2,Sergi Cardona
2,5,Sergi Darder
1,1,Sergi Guardiola
3,2,Sergi Roberto
4,0,Sergio Akieme
9,4,Sergio Arribas
3,1,Sergio Camello
0,1,Sergio GÃ³mez
0,0,Sergio Herrera
3,0,Sergio Ramos
0,4,Sergio ReguilÃ³n
0,1,Sergio Rodelas
0,4,Sergio Ruiz
28,3,Serhou Guirassy
0,0,Seydou Fini
4,3,Shamar Nicholson
1,1,Shandon Baptiste
1,0,Shavy Babicka
2,3,Sheraldo Becker
0,0,ShiÅ Fukuda
1,0,Shon Weissman
0,0,Siebe Van Der Heyden
5,2,Silas Katompa
0,1,Silvan Hefti
1,3,Silvan Widmer
0,0,Silvi ClÃºa
3,0,Simeon Nwankwo
6,1,Simon Adingra
0,0,Simon Ebonog
1,0,Simon Elisor
0,1,Simon KjÃ¦r
0,0,Simon Zoller
0,0,Simone Aresti
1,0,Simone Bastoni
0,0,Simone Pafundi
0,0,Simone Perilli
1,1,Simone Romagnoli
0,0,Simone Scuffet
0,0,Simone Verdi
0,0,Sinaly Diomande
1,3,SirinÃ© DoucourÃ©
2,0,Skelly Alvero
0,0,Sofiane Diop
0,0,Sofiane Sidi Ali
0,0,Sofyan Amrabat
0,0,Sokratis Papastathopoulos
3,1,Solly March
17,10,Son Heung-min
1,1,Sory Kaba
1,1,Souleymane TourÃ©
0,0,Soungoutou Magassa
0,0,SrÄan BabiÄ
0,1,Stanislav Lobotka
0,0,Stanley N'Soki
0,0,Stefan Bajcetic
0,0,Stefan Bell
0,1,Stefan Lainer
0,0,Stefan Lekovic
1,0,Stefan MitroviÄ
0,0,Stefan Ortega
1,2,Stefan Posch
0,0,Stefan SaviÄ
0,1,Stefan Schimmer
1,0,Stefan de Vrij
0,1,Stefano Sabelli
0,1,Stefano Sensi
0,0,Stefano Turati
3,0,Steffen Tigges
3,4,Stephan El Shaarawy
0,0,Steve Mandanda
6,2,Steve MouniÃ©
0,1,Steve Ngoura
0,0,Steven Baseya
0,1,Steven Shpendi
0,1,Stijn Spierings
0,0,Stole Dimitrievski
0,0,Stredair Appuah
0,2,Suat Serdar
1,4,Suso
2,2,Sven Botman
2,1,Sven Michel
0,0,Sven Ulreich
0,0,Sydie Peck
0,0,Sydney van Hooijdonk
4,0,Szymon Å»urkowski
9,10,SÃ¡vio
0,0,SÃ©amus Coleman
0,1,SÃ©bastien Haller
1,0,Tadeo Allende
4,0,Tahith Chong
6,3,Taiwo Awoniyi
1,0,Tajon Buchanan
7,4,Takefusa Kubo
2,1,Takehiro Tomiyasu
6,1,Takuma Asano
9,6,Takumi Minamino
1,0,Tammy Abraham
1,0,Tanguy Coulibaly
0,0,Tanguy Nianzou
0,3,Tariq Lamptey
0,0,Tawanda Chirewa
6,3,Teddy Teuma
1,0,Teden Mengi
11,2,Terem Moffi
12,5,Teun Koopmeiners
1,0,Theo Corbeanu
5,4,Theo HernÃ¡ndez
0,0,Therence Koudou
0,0,Thiago AlcÃ¡ntara
3,1,Thiago Silva
0,0,Thibault De Smet
0,0,Thibaut Courtois
0,2,Thierry Correia
14,2,Thijs Dallinga
1,1,Thilo Kehrer
0,0,Thomas Cannon
1,1,Thomas Delaine
0,1,Thomas Foket
3,0,Thomas Henry
0,0,Thomas Isherwood
0,0,Thomas Kaminski
0,0,Thomas Keller
0,1,Thomas Kristensen
0,0,Thomas Lemar
0,0,Thomas Meunier
5,9,Thomas MÃ¼ller
0,0,Thomas Partey
0,0,Thomas Strakosha
0,0,Thorgan Hazard
0,2,ThÃ©o Le Bris
0,0,ThÃ©o Sainte-Luce
0,0,Tiago DjalÃ³
0,0,Tiago Fonseca Morais
1,2,Tiago Santos
1,1,Tiago TomÃ¡s
2,1,TiemouÃ© Bakayoko
5,4,Tijjani Noslin
3,3,Tijjani Reijnders
0,0,Tim Breithaupt
0,0,Tim Drexler
0,0,Tim Iroegbunam
12,3,Tim Kleindienst
0,0,Tim Oermann
1,0,Tim Ream
0,0,Tim Siersleben
8,0,Tim Skarke
0,0,Timo HÃ¼bers
4,3,Timo Werner
1,3,Timothy Castagne
0,1,Timothy Chandler
0,1,Timothy Weah
1,0,Tino Kadewere
3,2,Tobias Kempe
0,2,Tom Bischof
1,4,Tom Cairney
0,0,Tom Davies
1,2,Tom KrauÃ
1,1,Tom Lockyer
1,1,Tom Louchet
0,0,Toma BaÅ¡iÄ
1,1,Tommaso Augello
2,0,Tommaso Baldanzi
0,0,Tommaso Corazza
0,0,Tommaso Martinelli
0,0,Tommaso Pobega
0,0,Tommy Doyle
0,0,TomÃ¡s Mendes
0,0,TomÃ¡Å¡ Koubek
7,2,TomÃ¡Å¡ SouÄek
3,5,TomÃ¡Å¡ Suslov
4,1,TomÃ¡Å¡ ÄvanÄara
1,8,Toni Kroos
0,1,Toni Lato
0,0,Toni Villa
0,0,Tony Jantschke
2,0,Tosin Adarabioyo
2,0,Tosin Aiyegun
1,3,Toti Gomes
3,4,Trent Alexander-Arnold
1,0,Trevoh Chalobah
0,0,Triantafyllos PasaridÄ«s
0,0,Trivante Stewart
0,1,TrÃ©vis Dago
1,2,Tuta
0,0,Tyler Adams
0,0,Tyler Onyango
2,3,Tyrick Mitchell
0,0,Tyrone Mings
0,1,Tyronne Ebuehi
9,6,TÃ©ji Savanier
0,0,Ulisses Garcia
3,1,Umar Sadiq
0,2,Umut Tohumcu
1,0,Unai GarcÃ­a
2,0,Unai GÃ³mez
1,2,Unai LÃ³pez
0,0,Unai Marrero
1,0,Unai NÃºÃ±ez
0,0,Unai Ropero
0,0,Unai SimÃ³n
0,0,Urko GonzÃ¡lez
1,1,UroÅ¡ RaÄiÄ
0,0,Valentin Atangana Edoa
2,3,Valentin Carboni
2,3,Valentin Gendrey
0,0,Valentin Rongier
0,0,Valentin Rosier
0,4,Valentino Lazaro
1,0,Valentino Livramento
0,0,ValentÃ­n Barco
4,3,ValentÃ­n Castellanos
2,0,Valery FernÃ¡ndez
3,1,Vanderson
0,0,Vanja MilinkoviÄ-SaviÄ
7,2,Vedat Muriqi
0,0,Vicente Guaita
0,3,Victor Bernth Kristiansen
14,8,Victor Boniface
1,1,Victor LindelÃ¶f
15,3,Victor Osimhen
0,0,Victor Parada
1,1,Viktor Kovalenko
8,7,Viktor Tsyhankov
1,1,Vincent Le Goff
6,2,Vincent Sierro
0,0,Vincenzo Fiorillo
8,8,Vincenzo Grifo
15,5,Vinicius JÃºnior
1,0,Vinicius Souza
2,2,Virgil van Dijk
2,0,Vitaliy Mykolenko
1,3,Vitaly Janelt
12,6,Vitinha
0,2,Vitinho
0,0,Vito Mannone
2,0,Vitor Roque
0,0,Vivaldo Semedo
0,7,VladimÃ­r Coufal
4,1,VÃ¡clav ÄernÃ½
0,1,VÃ­ctor Chust
0,0,VÃ­ctor DÃ­az
1,0,Wahbi Khazri
2,0,Walace
0,3,Waldemar Anton
7,1,Walid Cheddira
1,0,Warmed Omari
1,1,Warren Bondo
0,3,Warren Kamanzi
2,3,Warren ZaÃ¯re-Emery
1,0,Wataru Endo
0,0,Wes Foderingham
7,1,Wesley SaÃ¯d
0,7,Weston McKennie
1,1,Wilfried Singo
0,1,Will Hughes
0,0,Willi Orban
1,3,William Carvalho
0,0,William Osula
2,1,William Saliba
4,2,Willian
10,5,Willian JosÃ©
0,3,Willian Pacho
5,0,Williot Swedberg
2,1,Willy Boly
0,0,Willy Kambwala
0,0,Wilson ManafÃ¡
3,2,Wilson Odobert
16,2,Wissam Ben Yedder
0,0,Wladimiro Falcone
0,0,Wojciech SzczÄsny
7,3,Wout Weghorst
0,0,Xabier Huarte ArmendÃ¡riz
0,5,Xaver Schlager
8,11,Xavi Simons
0,0,Xeber
1,2,Yacine Adli
1,8,Yan Couto
5,0,Yangel Herrera
0,0,Yanis Begraoui
0,0,Yanis Issoufou
2,0,Yann Aurel Bisseck
3,2,Yann Gboho
1,0,Yann Karamoh
0,0,Yann Sommer
0,1,Yannick Carrasco
2,1,Yannick Gerhardt
1,0,Yannik Keitel
0,0,Yarek Gasiorowski
0,0,Yasser Larouci
0,0,Yassin Tallal
0,0,Yassine Bounou
2,1,Yassine Kechta
0,0,Yaya Kader Fofana
0,0,Yayah Kallon
0,0,Yehor Yarmoliuk
0,0,Yehvann Diouf
1,0,Yellu Santiago
0,0,Yeray Ãlvarez
0,0,Yeremi Pino
2,0,Yerry Mina
2,1,Yerson Mosquera
1,0,Ylber Ramadani
12,3,Yoane Wissa
1,1,Yoann Salmier
0,0,Yoel Lago
1,0,Yohann Magnin
1,0,Yoram Zague
3,2,Yorbe Vertessen
1,0,Youcef Atal
2,6,Youri Tielemans
0,0,Youssef Chermiti
16,2,Youssef En-Nesyri
0,1,Youssef Maleh
1,0,Youssef Maziz
4,4,Youssouf Fofana
0,0,Youssouf Ndayishimiye
0,1,Youssouf Sabaly
5,0,Youssoufa Moukoko
0,0,YoÃ«l Armougom
4,0,Yunis Abdelhamid
0,2,Yunus Musah
3,1,Yuri Berchiche
5,2,Yussuf Poulsen
5,2,Yusuf YazÄ±cÄ±
0,0,Yvandro Borges Sanches
0,0,Yves Bissouma
0,0,Yvon Mvogo
0,0,Zack Nelson
3,0,Zakaria Aboukhlal
1,0,Zanos Savva
5,1,Zeki Amdouni
0,0,Zeki Ãelik
4,5,Zito Luvumbo
7,3,Ãlex Berenguer
0,1,Ãlex Centelles
0,1,Ãlex FernÃ¡ndez
10,13,Ãlex Grimaldo
0,0,Ãlex JimÃ©nez
2,0,Ãlex Moreno
0,0,Ãlex Remiro
2,0,Ãlex SuÃ¡rez
0,0,Ãlvaro Carreras
6,1,Ãlvaro GarcÃ­a
0,0,Ãlvaro Lemos
15,3,Ãlvaro Morata
0,0,Ãlvaro Negredo
0,0,Ãlvaro Odriozola
0,0,Ãlvaro RodrÃ­guez
0,0,Ãlvaro VallÃ©s
9,2,Ãngel Correa
0,3,Ãngelo
0,0,ÃaÄlar SÃ¶yÃ¼ncÃ¼
0,0,Ãder MilitÃ£o
6,1,Ãderson
2,0,Ãdgar GonzÃ¡lez
2,0,Ãrik Lamela
1,1,Ãtienne Capoue
0,1,Ãliver Torres
0,0,Ãscar Melendo
2,2,Ãscar Mingueza
2,1,Ãscar RodrÃ­guez Arnaiz
0,0,Ãscar Trejo
1,0,Ãscar ValentÃ­n
1,5,Ãscar de Marcos
0,0,Ãrjan Nyland
0,0,ÄorÄe PetroviÄ
5,9,Ä°lkay GÃ¼ndoÄan
0,0,Åukasz FabiaÅski
0,0,Åukasz Skorupski
